dim,stream,icc,rho_arat,rho_fma,cohens_d,abs_d,abs_rho
107,acc_std,0.9698253,0.7362090711921299,0.7185962354362172,-1.1043813228607178,1.1043813228607178,0.7362090711921299
94,acc_std,0.9813036,0.7329353308570875,0.7151942642312815,-1.0890206098556519,1.0890206098556519,0.7329353308570875
125,acc_std,0.9858091,0.7318807342780128,0.7094490393889382,-1.1522533893585205,1.1522533893585205,0.7318807342780128
10,acc_mean,0.98833746,0.7257196293002616,0.7164633332804515,-1.2690452337265015,1.2690452337265015,0.7257196293002616
25,acc_mean,0.97939897,-0.7183204186470767,-0.6966779203895499,1.204444169998169,1.204444169998169,0.7183204186470767
56,acc_mean,0.98861754,-0.7157768431975464,-0.7071166126660271,1.2528553009033203,1.2528553009033203,0.7157768431975464
68,acc_std,0.98767084,0.7133137949464183,0.7011687698523964,-1.2495036125183105,1.2495036125183105,0.7133137949464183
36,acc_mean,0.9899122,0.7108197746959046,0.689737094846404,-1.0880488157272339,1.0880488157272339,0.7108197746959046
92,acc_std,0.97325975,0.7092533658269853,0.6850181068281002,-0.9759825468063354,0.9759825468063354,0.7092533658269853
11,acc_mean,0.98894775,-0.7086997413379704,-0.7046070885559983,1.2634726762771606,1.2634726762771606,0.7086997413379704
49,acc_mean,0.98443395,0.70501717061104,0.6927384702149778,-1.221498727798462,1.221498727798462,0.70501717061104
123,acc_std,0.97512275,0.7039393450324263,0.683394843004695,-0.9910289645195007,0.9910289645195007,0.7039393450324263
82,acc_std,0.9815471,0.701041914489917,0.6912760634069455,-1.2546114921569824,1.2546114921569824,0.701041914489917
5,acc_mean,0.9894076,0.7001406293078003,0.686552435282429,-1.2494511604309082,1.2494511604309082,0.7001406293078003
50,acc_mean,0.9822569,-0.700070942309183,-0.694881425934204,1.1897891759872437,1.1897891759872437,0.700070942309183
117,acc_std,0.9814849,0.6955196069994909,0.6718564455558106,-1.195263385772705,1.195263385772705,0.6955196069994909
23,acc_mean,0.9807423,-0.6918432306724376,-0.6725354477649339,1.0359139442443848,1.0359139442443848,0.6918432306724376
14,acc_mean,0.9848052,-0.691065059187878,-0.679013809388882,1.2957793474197388,1.2957793474197388,0.691065059187878
32,acc_mean,0.9685962,0.6908908416913349,0.6697544774414629,-0.8799896836280823,0.8799896836280823,0.6908908416913349
30,acc_mean,0.9876075,0.6888002317328167,0.6691396633682818,-1.027785062789917,1.027785062789917,0.6888002317328167
0,acc_mean,0.9844456,0.6886980241348447,0.6792427212953746,-1.3451200723648071,1.3451200723648071,0.6886980241348447
44,acc_mean,0.99000853,-0.6880778098471511,-0.6798173211147124,1.3537452220916748,1.3537452220916748,0.6880778098471511
72,acc_std,0.9737544,0.6870425707676924,0.6663030117702584,-1.1734944581985474,1.1734944581985474,0.6870425707676924
16,acc_mean,0.9833362,-0.6864525541793994,-0.6667190746273295,1.10337233543396,1.10337233543396,0.6864525541793994
63,acc_mean,0.9910199,0.686374349880951,0.6730133787048409,-1.3240047693252563,1.3240047693252563,0.686374349880951
54,acc_mean,0.98734033,0.6862566562832864,0.6761524105577243,-1.2511473894119263,1.2511473894119263,0.6862566562832864
41,acc_mean,0.97839373,-0.6861738061849303,-0.6736722737870424,1.2802634239196777,1.2802634239196777,0.6861738061849303
33,acc_mean,0.98819256,0.6859740367888941,0.6821992423038922,-1.2834911346435547,1.2834911346435547,0.6859740367888941
66,acc_std,0.9682459,0.6857223892938874,0.6706059369314912,-1.2267152070999146,1.2267152070999146,0.6857223892938874
8,acc_mean,0.9865753,0.6837192752336332,0.6646495872564706,-1.341445803642273,1.341445803642273,0.6837192752336332
21,acc_mean,0.9820426,0.6836356508352924,0.6748183800215765,-1.269180417060852,1.269180417060852,0.6836356508352924
120,acc_std,0.9460558,-0.6825539537567554,-0.6764354570366983,0.9194357395172119,0.9194357395172119,0.6825539537567554
102,acc_std,0.9323397,-0.6814815482780342,-0.680672647359918,0.9975017309188843,0.9975017309188843,0.6814815482780342
1,acc_mean,0.9726131,0.6785206251367848,0.6564976939918131,-1.0740879774093628,1.0740879774093628,0.6785206251367848
31,acc_mean,0.9769488,0.6775690104556668,0.6683353782914158,-1.1200469732284546,1.1200469732284546,0.6775690104556668
47,acc_mean,0.9885987,-0.6774606084578176,-0.6715215845574616,1.2859221696853638,1.2859221696853638,0.6774606084578176
35,acc_mean,0.9891833,-0.6710013979859814,-0.6649566076175436,1.2969393730163574,1.2969393730163574,0.6710013979859814
18,acc_mean,0.97094303,0.6706382512931871,0.6533207679381929,-1.0651230812072754,1.0651230812072754,0.6706382512931871
17,acc_mean,0.9863409,-0.6673815455578066,-0.6580358892013194,1.2538444995880127,1.2538444995880127,0.6673815455578066
4,acc_mean,0.9753035,-0.6641852352212277,-0.655081688245908,1.208797574043274,1.208797574043274,0.6641852352212277
84,acc_std,0.9816184,0.6628960257468084,0.6477611473443571,-1.3481059074401855,1.3481059074401855,0.6628960257468084
101,acc_std,0.9870402,0.6547534871083727,0.6434837427672943,-1.381056547164917,1.381056547164917,0.6547534871083727
52,acc_mean,0.97038233,-0.6545777210118602,-0.6550932885114396,1.214633822441101,1.214633822441101,0.6545777210118602
37,acc_mean,0.98109466,-0.6540635858220618,-0.6278798389250597,0.8256424069404602,0.8256424069404602,0.6540635858220618
109,acc_std,0.9714052,0.6537739976278077,0.6263308168010574,-1.0284628868103027,1.0284628868103027,0.6537739976278077
76,acc_std,0.96161646,0.6517933382671081,0.6290638393603305,-1.1379239559173584,1.1379239559173584,0.6517933382671081
121,acc_std,0.9754415,0.6510902738810582,0.6235792338169334,-1.0671765804290771,1.0671765804290771,0.6510902738810582
24,acc_mean,0.9796132,0.6506078849906298,0.6332793758545576,-1.2630705833435059,1.2630705833435059,0.6506078849906298
9,acc_mean,0.9757962,0.6500170941023523,0.6451015931334513,-1.0634009838104248,1.0634009838104248,0.6500170941023523
88,acc_std,0.91764724,0.6496462044097114,0.6209977880606078,-1.2139416933059692,1.2139416933059692,0.6496462044097114
27,acc_mean,0.9827223,-0.6476175384499642,-0.6272828119256938,1.0215904712677002,1.0215904712677002,0.6476175384499642
2,acc_mean,0.98126894,0.6462733536766357,0.6216373493669234,-0.8693611025810242,0.8693611025810242,0.6462733536766357
43,acc_mean,0.97617954,0.6458250339855311,0.6222243228028284,-1.0753940343856812,1.0753940343856812,0.6458250339855311
119,acc_std,0.9833624,0.6408517051842121,0.6135937252472287,-0.8930021524429321,0.8930021524429321,0.6408517051842121
103,acc_std,0.96328837,0.639142050818135,0.6286036954942391,-1.1967933177947998,1.1967933177947998,0.639142050818135
6,acc_mean,0.9829495,-0.6369631706613684,-0.6205376441945164,1.2891368865966797,1.2891368865966797,0.6369631706613684
85,acc_std,0.9492589,0.6344993481102555,0.6072128058537472,-0.8946287035942078,0.8946287035942078,0.6344993481102555
80,acc_std,0.9484292,0.6325326261492793,0.6004150502521592,-0.9877131581306458,0.9877131581306458,0.6325326261492793
38,acc_mean,0.98904544,-0.63196661286051,-0.6315996574055646,1.2741347551345825,1.2741347551345825,0.63196661286051
57,acc_mean,0.96624887,-0.6318512421627993,-0.6185826127769037,1.1714924573898315,1.1714924573898315,0.6318512421627993
15,acc_mean,0.97077334,0.6195878790061291,0.6078245265227866,-1.2217713594436646,1.2217713594436646,0.6195878790061291
39,acc_mean,0.98704535,0.6165843693657247,0.6168766003927054,-1.275921106338501,1.275921106338501,0.6165843693657247
29,acc_mean,0.9749722,0.6136110574247212,0.618405515389786,-1.1689106225967407,1.1689106225967407,0.6136110574247212
42,acc_mean,0.9735387,0.6069598205566953,0.6126046092728906,-1.1434431076049805,1.1434431076049805,0.6069598205566953
51,acc_mean,0.9473436,-0.6061955864718591,-0.6017575876496969,1.356809377670288,1.356809377670288,0.6061955864718591
95,acc_std,0.782806,-0.6046508580025097,-0.6077966858855104,1.0821031332015991,1.0821031332015991,0.6046508580025097
